{"cameraMode":{"drawMode":0,"name":"Shaded","section":"Shading Mode"},"sceneLighting":false,"audioPlay":false,"sceneViewState":{"showFog":true,"showMaterialUpdate":false,"showSkybox":true,"showFlares":true,"showImageEffects":true,"showParticleSystems":true},"in2DMode":false,"pivot":{"x":22.479999542236329,"y":0.5,"z":17.149999618530275},"rotation":{"x":0.39239537715911868,"y":0.42299240827560427,"z":-0.2103082239627838,"w":0.7892235517501831},"size":3.6890697479248049,"orthographic":true}