{"cameraMode":{"drawMode":0,"name":"Shaded","section":"Shading Mode"},"sceneLighting":false,"audioPlay":false,"sceneViewState":{"showFog":true,"showMaterialUpdate":false,"showSkybox":true,"showFlares":true,"showImageEffects":true,"showParticleSystems":true},"in2DMode":false,"pivot":{"x":1.4901161193847657e-8,"y":0.0,"z":-1.4901161193847657e-8},"rotation":{"x":0.4508339464664459,"y":0.030784189701080323,"z":-0.01555994525551796,"w":0.8919411301612854},"size":0.8083317279815674,"orthographic":false}